stock_code,概念
300817,特斯拉
300817,汽车零部件概念
300817,人民币贬值受益
300817,风电概念
300817,军工
300817,昨日涨停
300817,昨日首板
300817,浙江
301192,新能源车
301192,汽车零部件概念
301192,融资融券
301192,新股与次新股
301192,转融券标的
301192,昨日涨停
301192,专精特新
301192,昨日首板
301192,注册制次新股
301192,湖北
300657,华为概念
300657,东数西算/算力
300657,汽车电子概念
300657,小米概念
300657,元宇宙
300657,宁德时代概念
300657,OLED
300657,无线耳机
300657,军工
300657,深股通
300657,电子烟
300657,PCB概念
300657,柔性屏
300657,手机产业
300657,融资融券
300657,转融券标的
300657,昨日涨停
300657,昨日首板
300657,福建
301488,无人驾驶
301488,汽车零部件概念
301488,融资融券
301488,新股与次新股
301488,转融券标的
301488,上市首五日
301488,广东
301141,5G概念
301141,稀土永磁
301141,融资融券
301141,新股与次新股
301141,转融券标的
301141,注册制次新股
301141,浙江
300475,机器人概念
300475,集成电路概念
300475,减速器
300475,深股通
300475,家用电器概念
300475,半导体产业
300475,融资融券
300475,转融券标的
300475,股权转让
300475,安徽
301186,特斯拉
301186,换电概念
301186,新能源车
301186,汽车零部件概念
301186,融资融券
301186,转融券标的
301186,含可转债
301186,江苏
300270,华为概念
300270,安防概念
300270,车联网
300270,物联网
300270,人工智能
300270,无人驾驶
300270,大数据
300270,机器人概念
300270,华为鲲鹏
300270,交换机
300270,智慧城市
300270,智能交通
300270,智慧灯杆
300270,国企改革
300270,透明工厂
300270,超高清视频
300270,股权转让
300270,浙江
301007,特斯拉
301007,燃料电池概念
301007,新能源车
301007,汽车零部件概念
301007,激光雷达
301007,减速器
301007,氢能源
301007,融资融券
301007,转融券标的
301007,专精特新
301007,辽宁
300008,高端装备
300008,数字孪生
300008,风电概念
300008,垃圾分类
300008,海工装备
300008,军工
300008,军民融合
300008,深股通
300008,天然气
300008,融资融券
300008,转融券标的
300008,专精特新
300008,纳入富时罗素
300008,上海
300572,换电概念
300572,深圳特区
300572,纳入富时罗素
300572,广东
688525,数据中心
688525,芯片概念
688525,信创
688525,半导体产业
688525,存储器
688525,融资融券
688525,新股与次新股
688525,转融券标的
688525,国家大基金持股
688525,专精特新
688525,注册制次新股
688525,广东
301255,机器人概念
301255,减速器
301255,高送转
301255,融资融券
301255,新股与次新股
301255,转融券标的
301255,专精特新
301255,注册制次新股
301255,浙江
300422,食品安全
300422,固废处理
300422,节能环保
300422,污水处理
300422,垃圾分类
300422,碳中和
300422,土壤修复
300422,动力电池回收
300422,国企改革
300422,PPP模式
300422,海绵城市
300422,雄安新区
300422,消毒液
300422,医废处理
300422,含可转债
300422,广西
300489,锗镓概念
300489,无人机
300489,激光雷达
300489,军工
300489,核电概念
300489,新材料
300489,有色金属概念
300489,第三代半导体
300489,股权转让
300489,黑龙江
605589,石墨烯
605589,超级电容
605589,锂电池概念
605589,3D打印
605589,国产软件
605589,光刻机（胶）
605589,病毒防治
605589,建筑节能概念
605589,军工
605589,航天装备概念
605589,沪股通
605589,氢能源
605589,新材料
605589,抗病毒面料
605589,口罩
605589,代糖(甜味剂)
605589,代糖概念（废弃）
605589,光刻胶
605589,融资融券
605589,转融券标的
605589,山东
600729,互联网金融
600729,O2O概念
600729,新零售
600729,新型城镇化
600729,成渝特区
600729,沪股通
600729,金融科技
600729,融资融券
600729,转融券标的
600729,纳入富时罗素
600729,标普道琼斯中国
600729,半年报预增
600729,重庆
836221,汽车零部件概念
836221,新股与次新股
836221,江苏
688390,虚拟电厂
688390,光伏概念
688390,太阳能概念
688390,碳中和
688390,储能概念
688390,沪股通
688390,融资融券
688390,转融券标的
688390,MSCI概念
688390,纳入富时罗素
688390,高价股
688390,北向大额买入
688390,江苏
2962,华为概念
2962,安防概念
2962,小米概念
2962,手势识别
2962,生物识别
2962,3D摄像头
2962,光通信
2962,消费电子产业
2962,湖北
688519,华为概念
688519,增强现实（AR）
688519,沪股通
688519,融资融券
688519,转融券标的
688519,专精特新
688519,上海
871478,新能源车
871478,新股与次新股
871478,专精特新
871478,宁夏
688590,百度概念
688590,区块链
688590,人工智能
688590,数字货币
688590,ChatGPT
688590,大数据
688590,国产软件
688590,新能源车
688590,信创
688590,数据确权
688590,金融科技
688590,CIPS概念
688590,融资融券
688590,转融券标的
688590,含可转债
688590,上海
603228,华为概念
603228,汽车电子概念
603228,共封装光模块(CPO）
603228,英伟达概念
603228,特斯拉
603228,5G概念
603228,OLED
603228,沪股通
603228,深圳特区
603228,PCB概念
603228,柔性屏
603228,融资融券
603228,转融券标的
603228,含可转债
603228,纳入富时罗素
603228,标普道琼斯中国
603228,广东
600268,电力物联网
600268,虚拟电厂
600268,充电桩
600268,智能电网
600268,风电概念
600268,光伏概念
600268,合同能源
600268,储能概念
600268,抽水蓄能
600268,国企改革
600268,工业自动化
600268,沪股通
600268,高铁
600268,水利建设
600268,特高压
600268,高低压设备概念
600268,新能源
600268,轨道交通
600268,融资融券
600268,转融券标的
600268,江苏
688661,华为概念
688661,苹果概念
688661,英伟达概念
688661,芯片概念
688661,沪股通
688661,传感器
688661,半导体产业
688661,消费电子产业
688661,融资融券
688661,转融券标的
688661,专精特新
688661,江苏
300563,WIFI6
300563,4G概念
300563,汽车电子概念
300563,虚拟现实（VR）
300563,数字经济
300563,5G概念
300563,北斗导航
300563,医疗器械概念
300563,军工
300563,柔性屏
300563,专精特新
300563,江苏
833394,航天装备概念
833394,新股与次新股
833394,山东
600178,新能源车
600178,汽车零部件概念
600178,节能环保
600178,尾气治理
600178,国企改革
600178,军工集团
600178,军工
600178,振兴东北
600178,黑龙江
600823,参股券商
600823,长三角一体化
600823,房地产开发概念
600823,物业管理概念
600823,常州房价上涨
600823,济南房价上涨
600823,昆山房价上涨
600823,南京房价上涨
600823,宁波房价上涨
600823,青岛房价上涨
600823,上海房价上涨
600823,绍兴房价上涨
600823,沈阳房价上涨
600823,苏州房价上涨
600823,武汉房价上涨
600823,徐州房价上涨
600823,ST概念
600823,昨日涨停
600823,低价股
600823,纳入富时罗素
600823,标普道琼斯中国
600823,破净股
600823,昨日首板
600823,上海
600463,基因测序
600463,垃圾分类
600463,国企改革
600463,军民融合
600463,京津冀一体化
600463,雄安新区
600463,房地产开发概念
600463,物业管理概念
600463,北京房价上涨
600463,昨日涨停
600463,昨日首板
600463,北京
20,移动互联网
20,前海概念
20,深圳特区
20,粤港澳自贸区
20,液晶面板
20,AB股
20,股权冻结
20,昨日涨停
20,广东
2636,电子信息
2636,医疗器械概念
2636,深股通
2636,消毒液
2636,玻璃纤维
2636,覆铜板
2636,PCB概念
2636,融资融券
2636,转融券标的
2636,昨日涨停
2636,纳入富时罗素
2636,标普道琼斯中国
2636,昨日首板
2636,上海
2703,无人驾驶
2703,比亚迪概念
2703,线控底盘
2703,新能源车
2703,汽车零部件概念
2703,深股通
2703,AH股
2703,融资融券
2703,转融券标的
2703,昨日涨停
2703,昨日连板
2703,标普道琼斯中国
2703,浙江
301357,军工
301357,新材料
301357,融资融券
301357,新股与次新股
301357,转融券标的
301357,专精特新
301357,陕西
4,华为概念
4,华为HMS
4,车联网
4,网络游戏
4,物联网
4,电力物联网
4,5G概念
4,网络安全
4,华为鸿蒙
4,深圳特区
4,摘帽
4,昨日涨停
4,昨日连板
4,壳资源概念
4,化学制剂概念
4,广东
2976,富士康概念
2976,特斯拉
2976,5G概念
2976,新能源车
2976,汽车零部件概念
2976,一带一路
2976,被动元件概念
2976,昨日涨停
2976,江苏
2261,华为概念
2261,网络游戏
2261,移动互联网
2261,在线教育
2261,工业互联网
2261,数据中心
2261,东数西算/算力
2261,4G概念
2261,电子信息
2261,人工智能
2261,手游概念
2261,移动支付
2261,边缘计算
2261,算力租赁
2261,电商概念
2261,大数据
2261,国产软件
2261,机器人概念
2261,云计算
2261,国产操作系统
2261,远程办公
2261,华为鸿蒙
2261,华为N腾
2261,信创
2261,华为鲲鹏
2261,服务器
2261,智慧政务
2261,动漫概念
2261,独角兽概念
2261,深股通
2261,托育服务
2261,彩票概念
2261,融资融券
2261,转融券标的
2261,昨日涨停
2261,纳入富时罗素
2261,股权激励
2261,昨日首板
2261,湖南
603215,电商概念
603215,人民币贬值受益
603215,外贸受益
603215,家用电器概念
603215,昨日涨停
603215,昨日首板
603215,浙江
2818,抖音概念
2818,电商概念
2818,网红直播
2818,新零售
2818,智能家居
2818,军工
2818,深股通
2818,金融科技
2818,精装修
2818,被动元件概念
2818,养老金持股
2818,昨日涨停
2818,纳入富时罗素
2818,标普道琼斯中国
2818,昨日首板
2818,四川
1309,无人驾驶
1309,芯片概念
1309,光通信
1309,深股通
1309,半导体产业
1309,存储器
1309,昨日涨停
1309,专精特新
1309,触板
1309,昨日首板
1309,广东
600707,触摸屏概念
600707,OLED
600707,国企改革
600707,沪股通
600707,新材料
600707,玻璃基板
600707,柔性屏
600707,融资融券
600707,转融券标的
600707,昨日涨停
600707,破净股
600707,昨日首板
600707,陕西
2428,锗镓概念
2428,华为概念
2428,华为海思概念
2428,芯片概念
2428,光通信
2428,光伏概念
2428,军工
2428,深股通
2428,稀缺资源
2428,有色金属概念
2428,小金属概念
2428,第三代半导体
2428,半导体产业
2428,融资融券
2428,转融券标的
2428,昨日涨停
2428,昨日连板
2428,纳入富时罗素
2428,云南
2892,华为概念
2892,3D打印
2892,机器人概念
2892,新能源车
2892,智能家居
2892,融资融券
2892,转融券标的
2892,昨日涨停
2892,专精特新
2892,湖南
603110,石墨烯
603110,沪股通
603110,PCB概念
603110,昨日涨停
603110,昨日首板
603110,安徽
1380,机器人概念
1380,融资融券
1380,新股与次新股
1380,转融券标的
1380,昨日涨停
1380,专精特新
1380,昨日首板
1380,浙江
603045,北斗导航
603045,智能电网
603045,金属回收
603045,有色金属概念
603045,融资融券
603045,转融券标的
603045,昨日涨停
603045,昨日连板
603045,浙江
2134,大飞机
2134,军工
2134,滨海新区
2134,债转股
2134,PCB概念
2134,柔性屏
2134,昨日涨停
2134,专精特新
2134,昨日首板
2134,天津
603048,新能源车
603048,汽车零部件概念
603048,昨日涨停
603048,专精特新
603048,触板
603048,昨日首板
603048,浙江
603667,特斯拉
603667,新能源车
603667,风电概念
603667,沪股通
603667,融资融券
603667,转融券标的
603667,昨日涨停
603667,昨日首板
603667,浙江
300928,汽车电子概念
300928,无人驾驶
300928,新能源车
300928,汽车零部件概念
300928,融资融券
300928,转融券标的
300928,北京
2036,3D玻璃
2036,华为概念
2036,苹果概念
2036,无人驾驶
2036,虚拟现实（VR）
2036,增强现实（AR）
2036,无线充电
2036,人脸识别
2036,机器视觉
2036,元宇宙
2036,虹膜识别
2036,指纹识别
2036,英伟达概念
2036,特斯拉
2036,华为汽车
2036,OLED
2036,芯片概念
2036,集成电路概念
2036,无人机
2036,新能源车
2036,3D摄像头
2036,智能穿戴
2036,无线耳机
2036,创投
2036,深股通
2036,光学镜头
2036,超高清视频
2036,手机产业
2036,消费电子产业
2036,融资融券
2036,转融券标的
2036,股权转让
2036,含可转债
2036,纳入富时罗素
2036,江西
2229,华为概念
2229,东数西算/算力
2229,AIGC
2229,区块链
2229,人工智能
2229,数字经济
2229,ChatGPT
2229,数字水印
2229,英伟达概念
2229,算力租赁
2229,云计算
2229,包装印刷概念
2229,ETC
2229,人民币升值受益
2229,深股通
2229,金融IC
2229,彩票概念
2229,体育产业
2229,足球概念
2229,融资融券
2229,转融券标的
2229,福建
600601,华为概念
600601,网络游戏
600601,电子发票
600601,5G概念
600601,国产软件
600601,云计算
600601,智慧城市
600601,国企改革
600601,高校
600601,长三角一体化
600601,PCB概念
600601,摘帽
600601,触板
600601,上海
2567,深股通
2567,雄安新区
2567,养鸡
2567,猪肉
2567,饲料概念
2567,人造肉
2567,预制菜
2567,融资融券
2567,转融券标的
2567,股权转让
2567,纳入富时罗素
2567,标普道琼斯中国
2567,湖南
301045,融资融券
301045,转融券标的
301045,江苏
600230,国企改革
600230,沪股通
600230,京津冀一体化
600230,尿素
600230,化学原料概念
600230,融资融券
600230,转融券标的
600230,标普道琼斯中国
600230,河北
300177,百度概念
300177,华为概念
300177,车联网
300177,卫星互联网
300177,全息技术
300177,无人驾驶
300177,虚拟现实（VR）
300177,增强现实（AR）
300177,元宇宙
300177,时空大数据
300177,3D打印
300177,北斗导航
300177,芯片概念
300177,国产软件
300177,无人机
300177,激光雷达
300177,UWB
300177,智慧城市
300177,数字孪生
300177,创投
300177,一带一路
300177,军工
300177,航天装备概念
300177,深股通
300177,水利建设
300177,轨道交通
300177,融资融券
300177,转融券标的
300177,专精特新
300177,广东
600105,华为概念
600105,电子信息
600105,共封装光模块(CPO）
600105,华为汽车
600105,5G概念
600105,超导概念
600105,大数据
600105,芯片概念
600105,宽带中国
600105,量子通信
600105,网络安全
600105,新能源车
600105,汽车零部件概念
600105,光通信
600105,一带一路
600105,沪股通
600105,长三角一体化
600105,融资融券
600105,转融券标的
600105,含可转债
600105,专精特新
600105,标普道琼斯中国
600105,股权激励
600105,江苏
2409,OLED
2409,芯片概念
2409,光刻机（胶）
2409,中芯国际概念
2409,参股360
2409,人民币贬值受益
2409,建筑节能
2409,深股通
2409,氟化工概念
2409,锡盐
2409,磷化工
2409,工业气体
2409,光刻胶
2409,半导体产业
2409,融资融券
2409,转融券标的
2409,MSCI概念
2409,国家大基金持股
2409,大基金二期
2409,纳入富时罗素
2409,标普道琼斯中国
2409,江苏
300127,特斯拉
300127,深股通
300127,新材料
300127,稀土永磁
300127,磁性材料概念
300127,有色金属概念
300127,四川
2115,腾讯概念
2115,今日头条概念
2115,拼多多概念
2115,移动互联网
2115,抖音概念
2115,卫星互联网
2115,4G概念
2115,RCS富媒体通信
2115,电子信息
2115,人工智能
2115,王者荣耀概念
2115,虚拟数字人
2115,网红直播
2115,5G概念
2115,北斗导航
2115,文化传媒概念
2115,快手概念
2115,创投
2115,长三角一体化
2115,融资融券
2115,转融券标的
2115,标普道琼斯中国
2115,浙江
688668,比亚迪概念
688668,5G概念
688668,新能源车
688668,交换机
688668,沪股通
688668,融资融券
688668,转融券标的
688668,广东
601127,阿里概念
601127,百度概念
601127,华为概念
601127,车联网
601127,无人驾驶
601127,地摊经济
601127,固态电池
601127,华为汽车
601127,新能源车
601127,汽车整车概念
601127,工业4.0
601127,成渝特区
601127,沪股通
601127,参股民营银行
601127,融资融券
601127,转融券标的
601127,标普道琼斯中国
601127,股权激励
601127,重庆
600353,5G概念
600353,芯片概念
600353,智能电网
600353,军工
600353,军民融合
600353,成渝特区
600353,沪股通
600353,融资融券
600353,转融券标的
600353,四川
2453,今日头条概念
2453,互联网金融
2453,抖音概念
2453,苹果概念
2453,区块链
2453,国产软件
2453,云计算
2453,光刻机（胶）
2453,深股通
2453,横琴新区
2453,口罩
2453,光刻胶
2453,融资融券
2453,转融券标的
2453,江苏
300243,供应链金融
300243,新材料
300243,可降解塑料
300243,PVC
300243,含可转债
300243,山东
300445,物联网
300445,特斯拉
300445,胎压监测
300445,仪器仪表概念
300445,传感器
300445,北京
809,污水处理
809,新型城镇化
809,国企改革
809,县城城镇化建设
809,房地产开发概念
809,摘帽
809,辽宁
600975,贸易战受益股
600975,国企改革
600975,沪股通
600975,猪肉
600975,饲料概念
600975,融资融券
600975,转融券标的
600975,标普道琼斯中国
600975,湖南
2403,机器视觉
2403,新零售
2403,特斯拉
2403,机器人概念
2403,减速器
2403,独角兽概念
2403,工业自动化
2403,家用电器概念
2403,土地流转
2403,快递物流
2403,互联网保险
2403,昨日涨停
2403,浙江
600719,国企改革
600719,振兴东北
600719,供热
600719,摘帽
600719,昨日涨停
600719,昨日连板
600719,辽宁
688629,新能源车
688629,军工
688629,融资融券
688629,新股与次新股
688629,转融券标的
688629,四川
300128,石墨烯
300128,华为概念
300128,移动互联网
300128,触摸屏概念
300128,苹果概念
300128,数字电视
300128,特斯拉
300128,OLED
300128,云计算
300128,智能电视
300128,智能家居
300128,噪音防治
300128,国企改革
300128,气凝胶
300128,光学膜
300128,液晶面板
300128,柔性屏
300128,手机产业
300128,消费电子产业
300128,融资融券
300128,转融券标的
300128,股权转让
300128,兜底增持概念
300128,江苏
961,区块链
961,机器人概念
961,参股保险
961,深股通
961,PPP模式
961,养老概念
961,房地产开发概念
961,北京房价上涨
961,南京房价上涨
961,南通房价上涨
961,青岛房价上涨
961,上海房价上涨
961,苏州房价上涨
961,镇江房价上涨
961,征信
961,融资融券
961,转融券标的
961,白马股
961,昨日涨停
961,低价股
961,纳入富时罗素
961,标普道琼斯中国
961,破净股
961,江苏
688620,物联网
688620,芯片概念
688620,半导体产业
688620,融资融券
688620,新股与次新股
688620,转融券标的
688620,半年报预增
688620,广东
838,电商概念
838,固废处理
838,节能环保
838,污水处理
838,深股通
838,房地产开发概念
838,重庆房价上涨
838,租售同权
838,融资融券
838,转融券标的
838,重庆
301163,医疗器械概念
301163,风电概念
301163,融资融券
301163,转融券标的
301163,注册制次新股
301163,江苏
300283,锂电池概念
300283,5G概念
300283,新能源车
300283,智能电网
300283,碳化硅
300283,第三代半导体
300283,含可转债
300283,专精特新
300283,浙江
605005,汽车电子概念
605005,无人驾驶
605005,新能源车
605005,汽车零部件概念
605005,消费电子产业
605005,浙江
688478,碳化硅
688478,第三代半导体
688478,半导体产业
688478,融资融券
688478,新股与次新股
688478,转融券标的
688478,江苏
301068,固废处理
301068,节能环保
301068,融资融券
301068,转融券标的
301068,筹码集中(股东人数减少)
301068,浙江
301282,宁德时代概念
301282,新能源车
301282,交换机
301282,印刷电路板（PCB）
301282,PCB概念
301282,融资融券
301282,新股与次新股
301282,转融券标的
301282,注册制次新股
301282,广东
301359,家用电器概念
301359,融资融券
301359,新股与次新股
301359,转融券标的
301359,专精特新
301359,注册制次新股
301359,浙江
300620,无人驾驶
300620,共封装光模块(CPO）
300620,3D打印
300620,5G概念
300620,芯片概念
300620,量子通信
300620,激光雷达
300620,光通信
300620,光芯片
300620,国企改革
300620,航天装备概念
300620,深股通
300620,横琴新区
300620,高送转
300620,融资融券
300620,转融券标的
300620,股权激励
300620,广东
2527,机器视觉
2527,机器人概念
2527,燃料电池概念
2527,新能源车
2527,减速器
2527,工业4.0
2527,工业自动化
2527,电梯概念
2527,快递物流
2527,融资融券
2527,转融券标的
2527,上海
300460,华为概念
300460,华为海思概念
300460,安防概念
300460,电子信息
300460,苹果概念
300460,小米概念
300460,光刻机（胶）
300460,振荡器
300460,被动元件概念
300460,专精特新
300460,广东
988,蓝宝石
988,华为概念
988,物联网
988,F5G
988,苹果概念
988,汽车电子概念
988,全息技术
988,共封装光模块(CPO）
988,充电桩
988,特斯拉
988,3D打印
988,5G概念
988,芯片概念
988,机器人概念
988,宽带中国
988,量子通信
988,新能源车
988,光通信
988,光芯片
988,智慧城市
988,独角兽概念
988,创投
988,国企改革
988,工业4.0
988,工业自动化
988,深股通
988,高校
988,新材料
988,健康中国
988,柔性屏
988,传感器
988,半导体产业
988,融资融券
988,转融券标的
988,MSCI概念
988,纳入富时罗素
988,标普道琼斯中国
988,社保重仓
988,行业龙头
988,湖北
301328,汽车电子概念
301328,机器人概念
301328,新能源车
301328,汽车零部件概念
301328,风电概念
301328,光伏概念
301328,工业自动化
301328,深股通
301328,高送转
301328,融资融券
301328,新股与次新股
301328,转融券标的
301328,社保重仓
301328,注册制次新股
301328,广东
688123,华为概念
688123,汽车电子概念
688123,小米概念
688123,特斯拉
688123,比亚迪概念
688123,芯片概念
688123,集成电路概念
688123,中芯国际概念
688123,沪股通
688123,半导体产业
688123,手机产业
688123,消费电子产业
688123,存储器
688123,融资融券
688123,转融券标的
688123,上海
300572,换电概念
300572,深圳特区
300572,纳入富时罗素
300572,广东
688525,数据中心
688525,芯片概念
688525,信创
688525,半导体产业
688525,存储器
688525,融资融券
688525,新股与次新股
688525,转融券标的
688525,国家大基金持股
688525,专精特新
688525,注册制次新股
688525,广东
301255,机器人概念
301255,减速器
301255,高送转
301255,融资融券
301255,新股与次新股
301255,转融券标的
301255,专精特新
301255,注册制次新股
301255,浙江
300422,食品安全
300422,固废处理
300422,节能环保
300422,污水处理
300422,垃圾分类
300422,碳中和
300422,土壤修复
300422,动力电池回收
300422,国企改革
300422,PPP模式
300422,海绵城市
300422,雄安新区
300422,消毒液
300422,医废处理
300422,含可转债
300422,广西
300489,锗镓概念
300489,无人机
300489,激光雷达
300489,军工
300489,核电概念
300489,新材料
300489,有色金属概念
300489,第三代半导体
300489,股权转让
300489,黑龙江
605589,石墨烯
605589,超级电容
605589,锂电池概念
605589,3D打印
605589,国产软件
605589,光刻机（胶）
605589,病毒防治
605589,建筑节能概念
605589,军工
605589,航天装备概念
605589,沪股通
605589,氢能源
605589,新材料
605589,抗病毒面料
605589,口罩
605589,代糖(甜味剂)
605589,代糖概念（废弃）
605589,光刻胶
605589,融资融券
605589,转融券标的
605589,山东
600729,互联网金融
600729,O2O概念
600729,新零售
600729,新型城镇化
600729,成渝特区
600729,沪股通
600729,金融科技
600729,融资融券
600729,转融券标的
600729,纳入富时罗素
600729,标普道琼斯中国
600729,半年报预增
600729,重庆
836221,汽车零部件概念
836221,新股与次新股
836221,江苏
688390,虚拟电厂
688390,光伏概念
688390,太阳能概念
688390,碳中和
688390,储能概念
688390,沪股通
688390,融资融券
688390,转融券标的
688390,MSCI概念
688390,纳入富时罗素
688390,高价股
688390,北向大额买入
688390,江苏
2962,华为概念
2962,安防概念
2962,小米概念
2962,手势识别
2962,生物识别
2962,3D摄像头
2962,光通信
2962,消费电子产业
2962,湖北
688519,华为概念
688519,增强现实（AR）
688519,沪股通
688519,融资融券
688519,转融券标的
688519,专精特新
688519,上海
871478,新能源车
871478,新股与次新股
871478,专精特新
871478,宁夏
688590,百度概念
688590,区块链
688590,人工智能
688590,数字货币
688590,ChatGPT
688590,大数据
688590,国产软件
688590,新能源车
688590,信创
688590,数据确权
688590,金融科技
688590,CIPS概念
688590,融资融券
688590,转融券标的
688590,含可转债
688590,上海
603228,华为概念
603228,汽车电子概念
603228,共封装光模块(CPO）
603228,英伟达概念
603228,特斯拉
603228,5G概念
603228,OLED
603228,沪股通
603228,深圳特区
603228,PCB概念
603228,柔性屏
603228,融资融券
603228,转融券标的
603228,含可转债
603228,纳入富时罗素
603228,标普道琼斯中国
603228,广东
600268,电力物联网
600268,虚拟电厂
600268,充电桩
600268,智能电网
600268,风电概念
600268,光伏概念
600268,合同能源
600268,储能概念
600268,抽水蓄能
600268,国企改革
600268,工业自动化
600268,沪股通
600268,高铁
600268,水利建设
600268,特高压
600268,高低压设备概念
600268,新能源
600268,轨道交通
600268,融资融券
600268,转融券标的
600268,江苏
688661,华为概念
688661,苹果概念
688661,英伟达概念
688661,芯片概念
688661,沪股通
688661,传感器
688661,半导体产业
688661,消费电子产业
688661,融资融券
688661,转融券标的
688661,专精特新
688661,江苏
300563,WIFI6
300563,4G概念
300563,汽车电子概念
300563,虚拟现实（VR）
300563,数字经济
300563,5G概念
300563,北斗导航
300563,医疗器械概念
300563,军工
300563,柔性屏
300563,专精特新
300563,江苏
833394,航天装备概念
833394,新股与次新股
833394,山东
600178,新能源车
600178,汽车零部件概念
600178,节能环保
600178,尾气治理
600178,国企改革
600178,军工集团
600178,军工
600178,振兴东北
600178,黑龙江
600823,参股券商
600823,长三角一体化
600823,房地产开发概念
600823,物业管理概念
600823,常州房价上涨
600823,济南房价上涨
600823,昆山房价上涨
600823,南京房价上涨
600823,宁波房价上涨
600823,青岛房价上涨
600823,上海房价上涨
600823,绍兴房价上涨
600823,沈阳房价上涨
600823,苏州房价上涨
600823,武汉房价上涨
600823,徐州房价上涨
600823,ST概念
600823,昨日涨停
600823,低价股
600823,纳入富时罗素
600823,标普道琼斯中国
600823,破净股
600823,昨日首板
600823,上海
